person_id,make,rank
8278,Maserati,A
8278,Volvo,C
8278,Mazda,B
8278,Lexus,C
8278,Toyota,C
8591,Genesis,B
8591,Toyota,B
8591,Lexus,B
8591,Maserati,A
8591,Volvo,C
8591,Hyundai,B
8591,Mazda,B
12162,Maserati,A
12162,Mazda,B
12162,Volvo,C
17974,Genesis,B
5314,Lexus,C
5314,Mazda,B
5314,Volvo,C
5314,Hyundai,B
5314,Maserati,A
5314,Audi,C
5314,Genesis,B
5314,Toyota,C
8046,Hyundai,A+
8046,Maserati,A
8046,Genesis,A+
8046,Volvo,A
8046,Toyota,A+
8046,Audi,A
8046,Lexus,A+
8046,Volkswagen,A
8046,Mazda,A
4542,Volkswagen,B
4542,Toyota,C
4542,Maserati,A
4542,Mazda,B
4542,Lexus,C
4542,Hyundai,B
4542,Genesis,B
4542,Volvo,C
15128,Toyota,A
15128,Volvo,C
15128,Lexus,A
13409,Volvo,B
13409,Maserati,A
13409,Genesis,B
13409,Lexus,C
13409,Toyota,C
13409,Mazda,B
13409,Hyundai,B
5234,Volvo,C
5234,Audi,B
5234,Volkswagen,A
16240,Toyota,C
16240,Lexus,C
8285,Volvo,C
8285,Toyota,B
8285,Lexus,B
8285,Mazda,B
8285,Audi,B
8285,Maserati,A
16929,Toyota,B
8045,Genesis,B
8045,Audi,C
8045,Toyota,B
8045,Lexus,B
8045,Volvo,B
8045,Maserati,A
8045,Hyundai,B
8045,Mazda,B
1475,Maserati,A
1475,Lexus,A
1475,Volkswagen,A
1475,Toyota,A
1475,Hyundai,A
1475,Mazda,A
1475,Audi,A
1475,Volvo,A+
1475,Genesis,A
1296,Maserati,A
1296,Toyota,B
1296,Volvo,C
1296,Mazda,B
1296,Hyundai,B
1296,Audi,A
1296,Genesis,B
1296,Volkswagen,A
1296,Lexus,B
15324,Lexus,A
15324,Hyundai,B
15324,Volvo,A
15324,Audi,C
15324,Genesis,B
15324,Volkswagen,A
15324,Toyota,A
15324,Mazda,A
1353,Genesis,A+
1353,Maserati,A+
1353,Toyota,A+
1353,Lexus,A+
1353,Audi,C
1353,Hyundai,A+
1353,Volvo,A+
1353,Volkswagen,A
1353,Mazda,A+
11550,Volvo,B
11550,Maserati,A
11550,Toyota,B
11550,Mazda,B
11550,Audi,C
11550,Lexus,B
5891,Genesis,B
5891,Volvo,C
5891,Volkswagen,B
5891,Mazda,C
5891,Lexus,B
5891,Maserati,C
5891,Toyota,B
5891,Hyundai,B
16202,Lexus,A
16202,Toyota,A
16202,Hyundai,A
16202,Volkswagen,A
16202,Genesis,B
16202,Mazda,A
885,Genesis,B
885,Hyundai,B
885,Mazda,B
885,Maserati,A
885,Lexus,B
885,Toyota,B
1743,Genesis,B
1743,Toyota,B
1743,Maserati,A
1743,Volvo,C
1743,Lexus,B
1743,Mazda,A+
1743,Hyundai,B
10006,Mazda,B
10006,Maserati,A
10006,Toyota,B
10006,Lexus,B
4359,Maserati,A
1610,Lexus,B
1610,Toyota,C
1610,Volvo,C
3280,Maserati,A+
3280,Toyota,A+
3280,Lexus,A+
14603,Lexus,B
14603,Toyota,B
4365,Maserati,A
14775,Toyota,C
14775,Lexus,C
14181,Lexus,B
14181,Maserati,A
14181,Toyota,B
14623,Lexus,B
5235,Maserati,A
1080,Maserati,A
1080,Toyota,B
1271,Toyota,B
1271,Volvo,B
1271,Maserati,A
5304,Maserati,A
14256,Toyota,B
14256,Hyundai,A
14256,Maserati,A
7534,Lexus,B
7534,Volkswagen,C
7534,Volvo,A
7534,Toyota,B
7534,Hyundai,B
7534,Mazda,B
1706,Maserati,A
1706,Audi,C
1706,Lexus,B
1706,Toyota,B
4243,Maserati,A
2679,Hyundai,A+
2679,Audi,C
2679,Toyota,A+
2726,Maserati,A
2679,Genesis,A+
2726,Toyota,A
2726,Audi,C
2679,Lexus,A+
2679,Maserati,A
14254,Maserati,A
14254,Lexus,B
14254,Audi,C
14254,Toyota,B
14190,Maserati,A
14190,Toyota,B
14190,Audi,C
14180,Toyota,B
14180,Maserati,A
14180,Lexus,B
1862,Toyota,B
1862,Maserati,A
2533,Audi,C
2533,Genesis,A+
2533,Maserati,A
2533,Hyundai,B
14188,Lexus,B
14188,Toyota,B
14188,Maserati,A
14283,Toyota,B
14257,Toyota,B
14191,Lexus,B
14191,Toyota,B
9783,Toyota,B
9783,Lexus,B
14790,Volkswagen,Pending
14790,Toyota,C
14790,Lexus,B
14189,Maserati,A
14189,Lexus,B
14189,Toyota,B
838,Toyota,A
838,Hyundai,A+
838,Lexus,A
838,Audi,C
838,Volkswagen,A
838,Mazda,A
838,Maserati,A+
838,Genesis,A+
838,Volvo,A+
1078,Genesis,A
1078,Hyundai,A
1078,Maserati,A
82,Maserati,A
17327,Audi,B
17327,Volvo,B
15560,Genesis,B
15560,Audi,C
15560,Volkswagen,B
15560,Mazda,B
15560,Toyota,B
15560,Hyundai,B
15560,Volvo,B
17116,Lexus,B
17116,Toyota,B
56,Audi,B
56,Lexus,C
56,Volkswagen,B
56,Toyota,C
56,Mazda,B
56,Genesis,B
56,Volvo,B
56,Hyundai,B
12322,Audi,C
12322,Volvo,C
12322,Toyota,B
12322,Mazda,B
1980,Mazda,A+
1980,Volkswagen,A
1980,Genesis,A+
1980,Volvo,A+
1980,Hyundai,A+
1980,Maserati,A+
1980,Audi,B
1980,Toyota,A+
1980,Lexus,A+
644,Hyundai,A
644,Lexus,C
644,Toyota,C
644,Genesis,B
644,Volvo,C
644,Audi,C
644,Mazda,C
14847,Volvo,B
14847,Audi,C
14847,Mazda,B
14847,Toyota,B
14847,Volkswagen,B
7663,Maserati,A
7663,Audi,C
7663,Hyundai,B
7663,Toyota,A
7663,Genesis,B
7663,Mazda,B
7663,Lexus,A
4366,Genesis,B
4366,Maserati,A
4366,Hyundai,B
4366,Volvo,B
4366,Mazda,B
4366,Audi,C
4366,Lexus,B
4366,Toyota,B
18333,Toyota,B
6117,Maserati,A
6117,Genesis,B
6117,Volvo,C
6117,Toyota,A
6117,Hyundai,B
6117,Lexus,A
6117,Mazda,B
18638,Genesis,B
13004,Maserati,A+
13004,Audi,C
13004,Mazda,A
13004,Toyota,A
1024,Volvo,C
1024,Lexus,A+
1024,Audi,C
1024,Mazda,A+
1024,Genesis,A+
1024,Hyundai,A+
1024,Volkswagen,A
1024,Toyota,A+
8103,Toyota,B
8103,Mazda,B
13626,Volvo,C
13626,Toyota,B
13626,Audi,C
6503,Toyota,B
6503,Volkswagen,B
6503,Lexus,B
6503,Audi,C
6503,Hyundai,B
6503,Genesis,A
6503,Mazda,B
6503,Maserati,A
6503,Volvo,B
16835,Volvo,B
4088,Genesis,B
11323,Lexus,B
4088,Audi,B
11323,Toyota,B
11323,Volkswagen,A
4088,Lexus,B
11323,Genesis,B
4088,Polestar,A
4088,Mazda,A+
4088,Toyota,B
11323,Hyundai,B
4088,Hyundai,A
4088,Volvo,B
11323,Mazda,B
4088,Volkswagen,A
984,Volkswagen,A
984,Mazda,A
984,Hyundai,A
984,Toyota,A
984,Volvo,A
984,Genesis,A+
984,Lexus,A
984,Polestar,A
984,Audi,B
984,Bentley,A+
2091,Lexus,B
2091,Genesis,B
2091,Hyundai,B
2091,Volkswagen,A
2091,Volvo,B
2091,Toyota,B
2091,Mazda,B
2091,Audi,C
2245,Lexus,B
2245,Mazda,B
2245,Audi,C
2245,Toyota,B
2245,Volkswagen,A
2245,Genesis,B
2245,Volvo,B
2245,Hyundai,B
2245,Polestar,B
16724,Mazda,A
16724,Toyota,A
16724,Lexus,A
16724,Hyundai,A
5884,Hyundai,A
5884,Volvo,C
5884,Toyota,A
5884,Genesis,B
5884,Lexus,A
5884,Volkswagen,A
5884,Mazda,A
17769,Volvo,B
17769,Hyundai,B
17769,Lexus,B
17769,Toyota,B
17769,Mazda,B
17769,Genesis,A
1584,Polestar,B
1584,Toyota,B
1584,Audi,B
1584,Lexus,B
1584,Mazda,B
1584,Volkswagen,A
1584,Genesis,B
1584,Volvo,B
1584,Hyundai,B
611,Volvo,C
611,Mazda,A+
611,Volkswagen,A
611,Genesis,B
611,Hyundai,A
611,Lexus,A
611,Toyota,A
2992,Volkswagen,A
2992,Mazda,A+
2992,Volvo,A
2992,Toyota,A
2992,Genesis,A
2992,Audi,B
2992,Lexus,A
2992,Polestar,A
2992,Hyundai,B
6516,Toyota,A
6516,Lexus,A
6516,Mazda,A
6516,Hyundai,B
6516,Volvo,A
13679,Hyundai,B
13679,Toyota,B
13679,Mazda,B
13679,Genesis,B
13679,Lexus,B
13679,Volvo,B
13679,Polestar,B
7488,Polestar,A
7488,Volkswagen,A
7488,Audi,C
7488,Lexus,A
7488,Hyundai,B
7488,Mazda,A+
7488,Toyota,A
7488,Volvo,A
7488,Genesis,A
5788,Audi,C
5788,Volkswagen,A
5788,Lexus,A
5788,Toyota,A
5788,Volvo,A
5788,Mazda,B
5788,Genesis,A
5788,Hyundai,A+
5788,Polestar,A
1214,Volvo,C
1214,Mazda,B
1214,Genesis,B
1214,Lexus,C
1214,Hyundai,B
1214,Toyota,C
14630,Lexus,B
14630,Polestar,B
14630,Volvo,C
14630,Toyota,B
14630,Mazda,B
14630,Volkswagen,B
14630,Genesis,B
14630,Hyundai,B
14630,Audi,C
5089,Genesis,A+
5089,Volvo,A
14248,Genesis,A
14248,Hyundai,A
14248,Volvo,A
14248,Lexus,A
14248,Polestar,A
14248,Toyota,A
14248,Volkswagen,A
14248,Audi,A
14248,Mazda,A
5035,Hyundai,B
5035,Volvo,B
5035,Audi,C
5035,Lexus,B
5035,Genesis,B
5035,Volkswagen,A
5035,Toyota,B
5035,Polestar,B
16467,Lexus,B
16467,Toyota,B
16080,Volkswagen,A
16080,Mazda,A
16080,Volvo,B
16080,Lexus,A+
16080,Genesis,A
16080,Toyota,A+
16080,Polestar,A
16080,Hyundai,A
17305,Toyota,B
17305,Genesis,B
17305,Polestar,B
17305,Mazda,B
17305,Volvo,C
17305,Hyundai,B
17305,Lexus,B
5806,Lexus,B
5806,Mazda,B
5806,Volkswagen,B
5806,Volvo,B
5806,Genesis,B
5806,Toyota,B
5806,Hyundai,B
382,Lexus,C
382,Hyundai,B
382,Toyota,C
382,Mazda,B
382,Volkswagen,A
382,Volvo,C
17130,Mazda,B
17130,Audi,B
17130,Genesis,B
17130,Volkswagen,A
17130,Lexus,B
17130,Toyota,B
17130,Volvo,C
17130,Hyundai,B
13847,Hyundai,B
13847,Toyota,B
13847,Lexus,B
13847,Mazda,B
18111,Hyundai,B
18111,Mazda,B
14402,Lexus,A+
14402,Volvo,A+
14402,Hyundai,A+
14402,Polestar,A+
14402,Audi,A
14402,Volkswagen,A+
14402,Genesis,A+
14402,Toyota,A+
14402,Bentley,A+
14402,Mazda,A+
14899,Toyota,B
14899,Volkswagen,A
14899,Mazda,B
14899,Lexus,B
14899,Volvo,B
14899,Genesis,B
14899,Hyundai,B
14899,Audi,C
18935,Volkswagen,B
18905,Lexus,B
18905,Toyota,B
17131,Mazda,B
17131,Volvo,B
17131,Hyundai,B
17131,Lexus,B
17131,Polestar,B
17131,Toyota,B
17131,Genesis,B
7975,Audi,A
7975,Volvo,B
7975,Toyota,B
7975,Bentley,A
7975,Genesis,B
7975,Mazda,B
7975,Volkswagen,B
7975,Hyundai,B
7975,Lexus,B
18499,Lexus,B
18499,Mazda,C
18499,Hyundai,B
18499,Toyota,B
16799,Lexus,A
16799,Genesis,B
16799,Audi,B
16799,Toyota,A
16799,Volvo,B
16799,Polestar,B
16799,Hyundai,B
16799,Maserati,B
16799,Mazda,B
16799,Volkswagen,B
13998,Toyota,B
13998,Mazda,B
13998,Hyundai,B
13998,Lexus,B
7981,Polestar,A
7981,Toyota,A
7981,Hyundai,A
7981,Lexus,A
7981,Volvo,C
7981,Bentley,A
7981,Volkswagen,A
7981,Genesis,A
7981,Maserati,A
7981,Mazda,A
7981,Audi,A
2327,Hyundai,A
2327,Mazda,A
2327,Lexus,A
2327,Volvo,B
2327,Toyota,A
2327,Polestar,B
2327,Genesis,B
2327,Volkswagen,A
14076,Hyundai,B
14076,Toyota,B
14076,Volvo,B
14076,Mazda,B
14076,Lexus,B
17676,Lexus,B
17676,Toyota,B
497,Toyota,A
497,Lexus,A
497,Volvo,B
497,Genesis,B
497,Audi,C
497,Hyundai,A
497,Mazda,B
5896,Mazda,B
5896,Volvo,C
5896,Toyota,B
5896,Lexus,B
5896,Volkswagen,A
5896,Genesis,B
5896,Hyundai,B
5820,Hyundai,B
5820,Lexus,B
5820,Toyota,B
5820,Polestar,B
5820,Volkswagen,B
5820,Volvo,C
5820,Genesis,B
5820,Mazda,C
16291,Lexus,B
16291,Toyota,B
16291,Volkswagen,B
16291,Audi,C
16291,Volvo,A
16291,Hyundai,B
16291,Mazda,B
14319,Toyota,B
14319,Lexus,B
14319,Mazda,B
14319,Hyundai,B
1425,Lexus,A
1425,Genesis,B
1425,Volvo,C
1425,Toyota,A
1425,Hyundai,B
1425,Mazda,A
1425,Audi,C
7182,Maserati,A
7182,Mazda,B
679,Lexus,B
679,Toyota,B
679,Volvo,C
679,Maserati,A
679,Hyundai,B
679,Volkswagen,C
679,Mazda,B
7697,Lexus,C
7697,Maserati,A
7697,Toyota,C
7697,Hyundai,B
7697,Mazda,B
7697,Volvo,C
2907,Volkswagen,Pending
2907,Mazda,B
2907,Lexus,B
2907,Hyundai,B
2907,Toyota,B
2907,Volvo,C
2907,Maserati,A
2907,Genesis,B
3184,Mazda,B
3184,Lexus,C
3184,Toyota,C
3184,Maserati,A
3184,Genesis,B
3184,Volvo,C
3184,Hyundai,B
514,Genesis,B
514,Lexus,B
514,Audi,C
514,Toyota,B
514,Maserati,A
514,Volvo,C
514,Volkswagen,B
514,Mazda,A
514,Hyundai,B
13446,Genesis,B
13446,Hyundai,B
13446,Audi,C
13446,Volkswagen,C
13446,Mazda,A+
13446,Maserati,A
13446,Lexus,B
13446,Volvo,B
13446,Toyota,B
11806,Volvo,C
11806,Maserati,A
11806,Lexus,C
11806,Toyota,C
2395,Mazda,B
2395,Hyundai,B
2395,Lexus,B
2395,Volvo,C
2395,Toyota,B
2395,Audi,C
15680,Lexus,A
15680,Genesis,B
15680,Mazda,B
15680,Volkswagen,B
15680,Audi,C
15680,Toyota,A
15680,Hyundai,B
8733,Genesis,B
8733,Maserati,A
8733,Audi,B
13507,Mazda,B
9226,Toyota,B
13507,Volvo,B
8733,Volvo,B
13507,Lexus,B
9226,Volkswagen,B
13507,Volkswagen,B
9226,Hyundai,A
8733,Mazda,B
8733,Lexus,B
13507,Genesis,B
9226,Volvo,B
13507,Maserati,A
9226,Maserati,A
8733,Toyota,B
13507,Hyundai,B
9226,Genesis,B
9226,Mazda,A
8733,Hyundai,B
13507,Toyota,B
9226,Lexus,B
3150,Genesis,B
3150,Maserati,A
3150,Hyundai,B
3150,Toyota,B
3150,Lexus,B
3150,Mazda,B
9197,Mazda,B
9197,Toyota,C
9197,Volvo,B
9197,Lexus,C
9197,Hyundai,B
9197,Maserati,A
9197,Genesis,B
17647,Mazda,A
2981,Maserati,A
2981,Volkswagen,A
2981,Genesis,B
2981,Volvo,C
2981,Hyundai,A
2981,Toyota,B
2981,Audi,C
2981,Lexus,B
2981,Mazda,B
17878,Lexus,C
17878,Toyota,C
17878,Volvo,B
17878,Mazda,C
17878,Genesis,B
17878,Audi,C
15667,Genesis,B
15667,Hyundai,B
15667,Volvo,C
15667,Lexus,B
15667,Mazda,B
15667,Audi,C
15667,Toyota,B
489,Mazda,A
489,Genesis,B
489,Hyundai,A
489,Lexus,B
489,Toyota,B
489,Volkswagen,A
489,Audi,C
14988,Toyota,B
16815,Volvo,A
16815,Audi,C
16815,Toyota,C
16815,Lexus,C
16815,Mazda,B
9790,Volvo,A
9790,Lexus,B
9790,Audi,C
9790,Genesis,A
9790,Mazda,B
9790,Volkswagen,C
9790,Hyundai,B
9790,Toyota,B
8449,Lexus,C
8449,Toyota,C
18278,Lexus,C
18278,Volvo,B
18278,Toyota,C
18278,Genesis,B
18278,Hyundai,A
18278,Volkswagen,B
18278,Mazda,A
18278,Audi,C
18301,Hyundai,B
18301,Lexus,C
18301,Toyota,C
7248,Mazda,B
7248,Toyota,C
7248,Volkswagen,A
7248,Hyundai,B
7248,Lexus,C
7248,Maserati,A
1907,Genesis,B
1907,Lexus,B
1907,Toyota,B
1907,Volvo,B
1907,Maserati,A
1907,Hyundai,B
1907,Volkswagen,B
1907,Mazda,B
1913,Volvo,C
1913,Maserati,A
1913,Lexus,C
1913,Hyundai,B
1913,Toyota,C
1913,Mazda,B
11518,Hyundai,B
11518,Maserati,A
11518,Volvo,B
11518,Mazda,B
11518,Genesis,B
11518,Volkswagen,B
11518,Toyota,A
11518,Lexus,A
18882,Genesis,B
18882,Lexus,C
18882,Toyota,Pending
18882,Volkswagen,Pending
18882,Volvo,B
5415,Toyota,B
5415,Volvo,B
5415,Maserati,A
5415,Volkswagen,B
5415,Genesis,B
5415,Mazda,B
5415,Hyundai,B
5415,Lexus,B
7452,Hyundai,B
7452,Volvo,C
7452,Lexus,C
7452,Toyota,C
7452,Maserati,A
7452,Mazda,B
17929,Mazda,A
6346,Audi,A
6346,Lexus,A
6346,Mazda,A
6346,Hyundai,A
6346,Maserati,A
6346,Genesis,A
6346,Volvo,A
6346,Volkswagen,A
6346,Toyota,A
1558,Hyundai,B
1558,Toyota,B
1558,Lexus,B
1558,Mazda,B
1558,Volvo,B
1558,Maserati,A
1558,Genesis,B
2164,Lexus,C
2164,Maserati,A
2164,Hyundai,B
2164,Toyota,C
2164,Volvo,C
2164,Volkswagen,C
2164,Mazda,B
16143,Lexus,C
16143,Toyota,C
16143,Mazda,Pending
9655,Audi,B
9655,Genesis,A
9655,Mazda,A
9655,Volkswagen,B
9655,Hyundai,A
9655,Toyota,A
9655,Lexus,A
9655,Volvo,B
9655,Maserati,A
6248,Genesis,B
6248,Lexus,B
6248,Maserati,A
6248,Mazda,B
6248,Volvo,B
6248,Hyundai,B
6248,Volkswagen,B
6248,Toyota,B
2053,Hyundai,A
2053,Maserati,A
2053,Lexus,B
2053,Volvo,C
2053,Volkswagen,A
4438,Audi,B
2053,Toyota,B
2053,Audi,C
2053,Genesis,A
2053,Mazda,B
2987,Mazda,B
2987,Volvo,C
2987,Toyota,B
2987,Lexus,B
2987,Genesis,B
2987,Maserati,A
2987,Hyundai,B
14653,Mazda,B
14653,Genesis,B
14653,Toyota,A
14653,Hyundai,B
14653,Lexus,A
6832,Hyundai,B
6832,Volkswagen,A
6832,Mazda,B
6832,Volvo,A
6832,Lexus,A+
6832,Genesis,A
6832,Toyota,A+
6832,Audi,A
6832,Maserati,A
3900,Lexus,A
3900,Volvo,B
3900,Hyundai,A+
3900,Audi,B
3900,Genesis,A
3900,Mazda,A
3900,Maserati,A
3900,Volkswagen,A
3900,Toyota,A
14780,Lexus,C
14780,Mazda,B
14780,Toyota,C
14780,Hyundai,B
3198,Maserati,A
3198,Mazda,B
3198,Toyota,C
3198,Lexus,C
8742,Hyundai,B
8742,Toyota,B
8742,Mazda,B
8742,Genesis,B
8742,Volvo,B
8742,Lexus,B
8978,Volvo,C
8978,Audi,C
8978,Mazda,C
8738,Lexus,A+
8738,Mazda,A+
8738,Volvo,A
8738,Maserati,B
8738,Genesis,A+
8738,Audi,A
8738,Hyundai,B
8738,Toyota,A+
7394,Lexus,B
7394,Mazda,B
7394,Volvo,C
7394,Toyota,B
7394,Genesis,B
7394,Audi,C
7394,Maserati,A
7394,Hyundai,B
5360,Maserati,A
5360,Volvo,C
5360,Toyota,B
5360,Mazda,B
5360,Lexus,B
5360,Hyundai,B
13980,Lexus,A
13980,Volkswagen,A
13980,Hyundai,A
13980,Genesis,A
13980,Toyota,A
13980,Volvo,A
13980,Audi,B
13980,Mazda,A
13980,Maserati,A
7587,Volvo,B
7587,Toyota,A+
7587,Maserati,A
7587,Volkswagen,B
7587,Mazda,B
7587,Hyundai,B
7587,Lexus,A+
7587,Genesis,A
15305,Volvo,C
15305,Lexus,C
15305,Toyota,C
7901,Volkswagen,B
7789,Volvo,B
7901,Genesis,B
7789,Audi,C
7901,Mazda,B
7789,Mazda,B
7789,Maserati,A
7789,Hyundai,B
7901,Toyota,B
7901,Maserati,A
7901,Lexus,B
7789,Lexus,B
7901,Volvo,C
7901,Hyundai,B
7789,Toyota,B
7901,Audi,C
5627,Lexus,B
5627,Volkswagen,B
5627,Toyota,B
5627,Maserati,B
5627,Mazda,B
5627,Genesis,B
5627,Hyundai,B
18832,Genesis,B
12185,Mazda,A
12185,Maserati,A
12185,Volkswagen,B
12185,Lexus,A
12185,Genesis,A
12185,Toyota,A
12185,Hyundai,A
16114,Genesis,A
16114,Toyota,A
16114,Audi,C
16114,Lexus,A
16114,Mazda,A
16114,Volvo,A
16114,Hyundai,A
17034,Lexus,A
17034,Toyota,A
17034,Polestar,A
17034,Volvo,B
17034,Hyundai,A
17034,Genesis,A
17034,Audi,C
17034,Mazda,A
16392,Audi,B
16392,Lexus,A
16392,Volkswagen,B
16392,Hyundai,A
16392,Volvo,B
16392,Genesis,A
16392,Mazda,B
16392,Toyota,A
3058,Mazda,B
3058,Volvo,C
3058,Genesis,B
3058,Lexus,C
3058,Polestar,A
3058,Audi,B
3058,Maserati,A
3058,Toyota,C
3058,Hyundai,B
7312,Genesis,B
7312,Audi,C
7312,Polestar,A
7312,Hyundai,B
7312,Mazda,A+
7312,Volkswagen,A
7312,Lexus,B
7312,Maserati,A
7312,Toyota,B
7312,Volvo,B
9924,Maserati,A
9924,Hyundai,A
9924,Toyota,A
9924,Volkswagen,B
9924,Lexus,A
8557,Maserati,A
8557,Volvo,B
8557,Lexus,B
8557,Mazda,C
8557,Toyota,B
8557,Hyundai,B
9366,Lexus,C
9366,Toyota,C
9366,Mazda,C
9366,Hyundai,C
2373,Audi,C
2373,Toyota,B
2373,Maserati,A
2373,Hyundai,C
2373,Volkswagen,A
2373,Mazda,C
2373,Genesis,B
2373,Lexus,B
5029,Volkswagen,A
5029,Toyota,B
5029,Hyundai,A
5029,Mazda,B
5029,Genesis,A
5029,Volvo,B
5029,Maserati,A
5029,Lexus,B
17288,Toyota,B
17288,Lexus,B
5176,Mazda,A
5176,Toyota,A
5176,Lexus,A
5180,Mazda,A
5180,Volkswagen,B
5180,Lexus,C
5180,Toyota,C
5180,Maserati,A
15513,Mazda,A
15513,Lexus,B
15513,Volkswagen,B
15513,Polestar,A
15513,Toyota,B
15513,Hyundai,B
15513,Genesis,B
15513,Volvo,B
15513,Audi,C
14646,Polestar,B
14646,Lexus,B
14646,Audi,C
14646,Mazda,B
14646,Volvo,B
14646,Hyundai,C
14646,Toyota,B
6771,Audi,C
6771,Mazda,B
6771,Lexus,C
6771,Toyota,C
6771,Polestar,B
6771,Volvo,B
17788,Mazda,A
17788,Lexus,A
17788,Genesis,A
17788,Toyota,A
17788,Hyundai,A
1875,Genesis,A
1875,Maserati,A+
1875,Volvo,A
1875,Hyundai,A
1875,Polestar,A
1875,Toyota,A
1875,Lexus,A
1875,Mazda,A
18694,Toyota,A
18694,Lexus,A
5401,Maserati,A
5401,Volkswagen,A
17537,Audi,A
5401,Mazda,A
5401,Genesis,A
17537,Volvo,A
5401,Volvo,A
5401,Hyundai,A
5401,Audi,A
5401,Lexus,A
5401,Polestar,A
17537,Toyota,A+
5401,Toyota,A
4568,Hyundai,B
4568,Audi,C
4568,Mazda,C
4568,Lexus,C
4568,Toyota,C
4568,Genesis,B
10071,Toyota,B
10071,Lexus,B
10071,Mazda,B
16436,Polestar,A
16436,Mazda,A
17924,Toyota,A
17924,Lexus,A
215,Maserati,A
215,Mazda,B
215,Lexus,C
215,Toyota,C
7315,Polestar,B
7315,Volkswagen,B
7315,Mazda,B
7315,Toyota,B
7315,Lexus,B
7315,Genesis,B
7315,Volvo,B
7315,Maserati,A
7315,Hyundai,B
8629,Hyundai,B
8629,Audi,C
8629,Mazda,B
8629,Volvo,B
8629,Lexus,B
8629,Genesis,B
8629,Toyota,B
4891,Lexus,A
4891,Volkswagen,B
4891,Maserati,A
4891,Mazda,B
4891,Volvo,A
4891,Hyundai,A+
4891,Genesis,A
4891,Toyota,A
9925,Volvo,B
9925,Mazda,A
9925,Polestar,A
9925,Toyota,A
9925,Audi,C
9925,Genesis,A
9925,Lexus,A
9925,Hyundai,A
8117,Mazda,B
8117,Polestar,A
8117,Lexus,B
8117,Toyota,B
8117,Hyundai,B
8117,Volvo,A
8117,Volkswagen,B
8117,Genesis,A
3156,Mazda,A
3156,Volkswagen,A
3156,Hyundai,A
3156,Audi,C
3156,Polestar,A
3156,Volvo,B
3156,Toyota,B
3156,Genesis,A
3156,Lexus,B
3156,Maserati,A
8560,Toyota,B
8560,Lexus,B
8560,Hyundai,B
8560,Genesis,B
8560,Mazda,B
8560,Maserati,A
8560,Volkswagen,B
7810,Mazda,A
7810,Genesis,B
7810,Toyota,B
7810,Lexus,B
16191,Toyota,A
7293,Volvo,B
7293,Volkswagen,A
7293,Toyota,B
7293,Mazda,B
7293,Audi,C
7293,Lexus,B
7293,Genesis,B
7293,Hyundai,B
7293,Maserati,A
15552,Toyota,Pending
1752,Volkswagen,A
1752,Audi,B
1752,Mazda,A+
1752,Lexus,A
1752,Polestar,A
1752,Toyota,A
1752,Genesis,A
1752,Hyundai,A
1752,Volvo,C
1752,Maserati,A
9290,Volvo,C
6856,Lexus,C
9290,Genesis,B
6856,Toyota,C
9290,Lexus,B
9290,Maserati,A
9290,Toyota,B
6856,Volkswagen,B
6856,Mazda,C
9290,Mazda,B
9290,Audi,C
9290,Hyundai,B
4934,Volvo,B
4934,Maserati,A
4934,Audi,C
4934,Hyundai,A
4934,Genesis,A+
4934,Volkswagen,C
4934,Lexus,A
4934,Mazda,A+
4934,Toyota,A
4934,Polestar,A
17637,Genesis,B
17637,Volvo,B
17637,Mazda,B
17637,Toyota,B
17637,Lexus,B
17637,Audi,C
17637,Hyundai,B
12230,Lexus,A
12230,Toyota,A
12230,Mazda,A
12230,Hyundai,A
1230,Hyundai,C
1230,Genesis,B
1230,Mazda,C
1230,Audi,B
1230,Toyota,B
7314,Toyota,A
7314,Bentley,A
7314,Mazda,A
7314,Polestar,A
7314,Lexus,A
7314,Volkswagen,A
7314,Hyundai,A
7314,Maserati,A
7314,Volvo,B
7314,Genesis,A
7314,Audi,C
17638,Lexus,B
17638,Mazda,B
17638,Genesis,B
17638,Audi,C
17638,Hyundai,B
17638,Toyota,B
3470,Audi,B
3470,Polestar,A
3470,Genesis,A
3470,Mazda,A+
3470,Volvo,A+
3470,Volkswagen,A
3470,Maserati,A+
3470,Toyota,A
3470,Hyundai,A+
3470,Lexus,A
753,Volvo,A
753,Toyota,A
753,Volkswagen,A
753,Lexus,A
753,Polestar,A
753,Maserati,A
753,Mazda,A+
753,Audi,C
753,Genesis,A
753,Hyundai,A
15515,Genesis,A
15515,Volvo,A
15515,Volkswagen,A
15515,Audi,C
15515,Mazda,A
15515,Toyota,A
15515,Maserati,A
15515,Lexus,A
15515,Hyundai,A
15515,Polestar,A
1945,Maserati,A
1945,Lexus,B
1945,Hyundai,C
1945,Volkswagen,A
1945,Toyota,B
1945,Mazda,B
1945,Volvo,C
5743,Polestar,A
5743,Volvo,C
5743,Volkswagen,A
5743,Audi,C
5743,Toyota,A
5743,Hyundai,A
5743,Genesis,B
5743,Mazda,A
5743,Bentley,A
5743,Lexus,A
2875,Volvo,C
2875,Polestar,A
2875,Audi,C
2875,Genesis,A
2875,Maserati,A
2875,Hyundai,A
2875,Volkswagen,A
2875,Lexus,A
2875,Mazda,A
2875,Toyota,A
1748,Hyundai,A+
1748,Toyota,A
1748,Polestar,A
1748,Audi,C
1748,Maserati,A
1748,Volkswagen,A
1748,Mazda,A+
1748,Volvo,A
1748,Genesis,A+
1748,Lexus,A
9015,Volvo,C
9015,Toyota,B
9015,Lexus,B
9015,Mazda,B
9015,Maserati,A
9015,Hyundai,B
6762,Mazda,A
6762,Toyota,A
6762,Maserati,A
6762,Lexus,A
6762,Volkswagen,A
6762,Audi,B
6762,Hyundai,A
6762,Volvo,B
6762,Genesis,A
8236,Mazda,A
8236,Audi,A
8236,Lexus,A
8236,Bentley,A
8236,Volvo,B
8236,Genesis,A
8236,Maserati,A+
8236,Polestar,A
8236,Hyundai,A
8236,Volkswagen,A
8236,Toyota,A
9381,Lexus,A
9381,Toyota,A
9381,Audi,C
9381,Mazda,A
9381,Volkswagen,B
9381,Genesis,A+
9381,Volvo,A
9381,Hyundai,A
9381,Maserati,A
5764,Toyota,B
5764,Audi,C
5764,Mazda,A
5764,Lexus,B
5764,Genesis,B
5764,Volkswagen,B
5764,Hyundai,A
5764,Volvo,C
5764,Maserati,A
11871,Volkswagen,A
11871,Polestar,A
11871,Volvo,B
11871,Lexus,A
11871,Mazda,A
11871,Maserati,A
11871,Toyota,A
11871,Genesis,A
11871,Hyundai,A
11871,Audi,C
7040,Audi,B
7040,Hyundai,B
7040,Mazda,B
7040,Lexus,B
7040,Toyota,B
7040,Volvo,C
7040,Genesis,B
1590,Volkswagen,A
1590,Mazda,A+
1590,Lexus,A
1590,Toyota,A
1590,Maserati,A+
1590,Volvo,A
1590,Genesis,A+
1590,Audi,C
1590,Polestar,A
1590,Hyundai,A+
17740,Audi,C
17740,Maserati,B
935,Genesis,A
935,Volvo,A
935,Hyundai,A
935,Mazda,A
935,Lexus,A
935,Polestar,A
935,Toyota,A
935,Maserati,A+
935,Volkswagen,A
935,Audi,B
9463,Toyota,B
9463,Polestar,B
9463,Volkswagen,B
9463,Genesis,B
9463,Hyundai,B
9463,Audi,C
9463,Mazda,B
9463,Lexus,B
9463,Volvo,C
788,Polestar,A
788,Maserati,A
788,Genesis,A+
788,Volkswagen,A
788,Hyundai,A+
788,Toyota,A
788,Audi,B
788,Mazda,A+
788,Lexus,A
788,Volvo,A
809,Mazda,A
809,Volkswagen,A
809,Hyundai,A
809,Toyota,A
809,Volvo,A
809,Audi,C
809,Lexus,A
809,Polestar,A
809,Genesis,A
14202,Lexus,A+
14202,Maserati,A
14202,Mazda,A+
14202,Volkswagen,A
14202,Volvo,A+
14202,Genesis,A+
14202,Hyundai,A
14202,Polestar,A+
14202,Toyota,A+
14202,Audi,A
6267,Lexus,B
6267,Mazda,B
6267,Volkswagen,B
8603,Volvo,B
6267,Toyota,B
5137,Audi,C
5137,Maserati,A
5137,Hyundai,A
5137,Mazda,A
5137,Genesis,A
5137,Lexus,A
5137,Volvo,A
5137,Toyota,A
5137,Bentley,A
1670,Hyundai,B
1670,Lexus,B
1670,Toyota,B
1670,Mazda,B
1670,Maserati,A
1670,Volvo,B
17051,Hyundai,A
17051,Toyota,A
17051,Lexus,A
17051,Mazda,A
2835,Toyota,A+
2835,Polestar,A
2835,Volvo,B
2835,Maserati,A
2835,Mazda,A+
2835,Volkswagen,A
2835,Hyundai,A+
2835,Lexus,A+
2835,Genesis,A+
7493,Toyota,A
7493,Volkswagen,A
7493,Mazda,A
7493,Genesis,A
7493,Volvo,A
7493,Lexus,A
7493,Hyundai,A
7493,Audi,A
7493,Polestar,A
7493,Maserati,A
17819,Toyota,Pending
1877,Maserati,A
1877,Volkswagen,A
1877,Toyota,B
1877,Hyundai,A
1877,Lexus,B
1877,Mazda,A
1877,Volvo,A
1877,Audi,C
1877,Genesis,A+
16508,Toyota,B
16508,Lexus,B
17956,Audi,C
8926,Maserati,A
8926,Toyota,B
8926,Mazda,B
8926,Volvo,C
8926,Lexus,B
8926,Polestar,B
8926,Volkswagen,B
8926,Hyundai,B
6467,Maserati,A
6467,Hyundai,B
6467,Toyota,B
6467,Volvo,C
6467,Lexus,B
6467,Mazda,B
3263,Lexus,A
3263,Hyundai,A+
3263,Mazda,A+
3263,Audi,A
3263,Volvo,A+
3263,Volkswagen,A
3263,Maserati,A+
3263,Toyota,A
3263,Genesis,A+
2524,Volvo,A
2524,Audi,B
2524,Mazda,A+
2524,Maserati,A
2524,Volkswagen,A
2524,Lexus,A
2524,Hyundai,A+
2524,Toyota,A
2524,Genesis,A+
5183,Lexus,B
5183,Polestar,A
5183,Genesis,A+
5183,Volvo,B
5183,Volkswagen,A
5183,Hyundai,A+
5183,Audi,B
5183,Mazda,A+
5183,Toyota,B
7296,Lexus,A
7296,Genesis,A+
7296,Toyota,A
7296,Maserati,A+
7296,Volkswagen,A
7296,Mazda,A+
7296,Volvo,B
7296,Hyundai,A+
15853,Hyundai,B
15853,Genesis,A
15853,Toyota,B
1529,Audi,C
1529,Maserati,A
1529,Hyundai,A+
1529,Volkswagen,A
1529,Mazda,A+
1529,Lexus,A
1529,Toyota,A
1529,Volvo,A+
1529,Genesis,A+
6460,Volvo,B
6460,Audi,C
6460,Hyundai,B
6460,Maserati,A
6460,Volkswagen,B
6460,Mazda,A
15789,Lexus,B
15789,Toyota,B
4340,Polestar,A
4340,Mazda,A
4340,Genesis,A
4340,Maserati,A
4340,Audi,A
4340,Volvo,A
4340,Lexus,A
4340,Volkswagen,A
4340,Hyundai,A
4340,Toyota,A
17739,Maserati,B
15863,Hyundai,A+
15863,Toyota,A+
15863,Audi,A
15863,Volkswagen,A+
15863,Genesis,A+
15863,Mazda,A+
15863,Lexus,A+
15863,Volvo,A+
15863,Maserati,A+
7960,Maserati,A
7960,Hyundai,B
7960,Volvo,C
7960,Lexus,B
7960,Mazda,B
7960,Toyota,B
7960,Genesis,B
13029,Toyota,A
13029,Polestar,A
13029,Mazda,A
13029,Maserati,A
13029,Lexus,A
13029,Volkswagen,A
13029,Volvo,A
13029,Hyundai,A
13029,Audi,A
13029,Genesis,A
13029,Bentley,A
7349,Audi,C
7349,Volvo,A
7349,Genesis,A+
7349,Volkswagen,A
7349,Mazda,A+
7349,Toyota,A
7349,Hyundai,A+
7349,Lexus,A
7349,Polestar,A+
7349,Maserati,A+
2179,Volvo,A
2179,Hyundai,A+
2179,Polestar,A
2179,Mazda,A+
2179,Volkswagen,A
2179,Audi,C
2179,Toyota,A
2179,Maserati,A+
2179,Lexus,A
2179,Genesis,A+
2040,Mazda,A+
2040,Toyota,A+
2040,Audi,A
2040,Lexus,A+
2040,Volkswagen,A
2040,Maserati,A+
2040,Genesis,A+
2040,Hyundai,A+
2040,Volvo,A+
2154,Hyundai,A+
2154,Lexus,A
2154,Toyota,A
2154,Maserati,A+
2154,Volvo,B
2154,Mazda,A
2154,Genesis,B
2154,Volkswagen,A
17964,Audi,Pending
17851,Maserati,A
17851,Audi,C
17851,Hyundai,A
17851,Toyota,A
14564,Volvo,A
14564,Mazda,A
14564,Genesis,A+
14564,Audi,A
2901,Lexus,A
2901,Genesis,A+
2901,Volvo,A
2901,Hyundai,A+
2901,Mazda,A
2901,Maserati,A
2901,Volkswagen,A
2901,Toyota,A
2901,Audi,C
1066,Volkswagen,A
1066,Maserati,A+
1066,Hyundai,A
1066,Mazda,A+
1066,Lexus,A
1066,Toyota,A
1066,Audi,A
1066,Volvo,B
1066,Genesis,A
16899,Toyota,Pending
14569,Mazda,A
14569,Volvo,B
14569,Audi,B
18075,Volkswagen,B
18075,Mazda,B
18075,Hyundai,B
4896,Genesis,B
4896,Hyundai,B
4896,Mazda,B
4896,Lexus,B
4896,Toyota,B
800,Hyundai,A
800,Volvo,B
800,Lexus,A
800,Toyota,A
800,Maserati,A
800,Mazda,A
800,Volkswagen,A
800,Genesis,A
14146,Genesis,A+
14146,Audi,A
14146,Toyota,A+
14146,Volkswagen,A
14146,Mazda,A+
14146,Lexus,A+
14146,Volvo,A+
14146,Hyundai,A+
14146,Polestar,A+
14146,Maserati,A+
9111,Mazda,B
9111,Maserati,A
9111,Volkswagen,B
9111,Hyundai,B
9111,Genesis,B
9111,Volvo,B
9111,Polestar,B
9111,Audi,C
4894,Volkswagen,A
4894,Mazda,A+
4894,Lexus,A
4894,Toyota,A
4894,Volvo,A
4894,Genesis,A+
4894,Maserati,A
4894,Hyundai,A+
5373,Mazda,B
5373,Hyundai,B
5373,Toyota,B
5373,Maserati,A
5373,Lexus,B
5373,Volvo,C
2970,Toyota,A
2970,Mazda,A+
2970,Lexus,A
2970,Genesis,A+
2970,Maserati,A
2970,Hyundai,A+
2970,Volkswagen,A
2970,Polestar,A
2970,Volvo,A
7459,Volkswagen,A
7459,Lexus,A
7459,Toyota,A
7459,Volvo,A
7459,Maserati,A
12915,Mazda,A
12915,Volkswagen,A
12915,Hyundai,A
12915,Genesis,A
12915,Audi,C
12915,Maserati,A
12915,Volvo,A
12915,Lexus,A
12915,Toyota,A
9711,Volkswagen,A
9711,Lexus,B
9711,Toyota,B
9711,Polestar,A
9711,Bentley,A+
9711,Audi,C
9711,Genesis,A
9711,Maserati,A+
9711,Mazda,A
9711,Hyundai,A
9711,Volvo,B
7872,Genesis,A
7872,Maserati,A
7872,Toyota,A
7872,Lexus,A
7872,Volvo,B
7872,Audi,B
7872,Hyundai,A+
7872,Mazda,A
7872,Volkswagen,B
1161,Hyundai,A
1161,Volkswagen,B
1161,Lexus,A
1161,Audi,C
1161,Toyota,A
1161,Volvo,A
1161,Genesis,A+
1161,Mazda,A
1161,Maserati,A+
15832,Lexus,B
15832,Polestar,B
15832,Audi,C
15832,Toyota,B
15832,Volvo,B
15832,Genesis,B
15832,Mazda,B
15832,Volkswagen,B
15832,Hyundai,B
17743,Mazda,Pending
2965,Maserati,A
2965,Genesis,A+
2965,Volkswagen,A
2965,Hyundai,A+
2965,Mazda,A+
2965,Volvo,A
15267,Volvo,A
15267,Hyundai,A+
15267,Audi,A
15267,Polestar,A
15267,Toyota,A+
15267,Volkswagen,A
15267,Maserati,A+
15267,Genesis,A
15267,Lexus,A+
15267,Mazda,A
12509,Lexus,B
12509,Audi,B
12509,Toyota,B
12509,Volvo,B
12509,Mazda,B
12509,Genesis,B
12509,Hyundai,B
4145,Mazda,A
4145,Lexus,A
4145,Audi,B
4145,Toyota,A
4145,Volvo,B
4145,Genesis,A
4145,Volkswagen,B
4145,Hyundai,A
4145,Maserati,A
341,Maserati,A+
341,Audi,B
341,Genesis,B
341,Mazda,C
341,Lexus,B
341,Hyundai,B
341,Volkswagen,A
341,Toyota,B
341,Volvo,B
12379,Maserati,A
12379,Lexus,B
12379,Volvo,B
12379,Audi,B
12379,Volkswagen,A
12379,Toyota,B
18442,Hyundai,B
6006,Hyundai,A+
6006,Genesis,A+
6006,Audi,A
6006,Mazda,A+
6006,Volkswagen,A
6006,Volvo,A+
6006,Lexus,A
6006,Toyota,A
6006,Maserati,A+
17947,Audi,B
17947,Volkswagen,Pending
17947,Hyundai,B
8614,Volvo,C
8614,Volkswagen,C
850,Hyundai,B
850,Toyota,C
850,Mazda,B
850,Volvo,B
850,Lexus,C
15959,Lexus,B
8297,Lexus,A
8297,Toyota,A
8297,Maserati,A+
8297,Hyundai,A
15959,Genesis,B
8297,Volvo,A
8297,Genesis,B
8297,Mazda,A
15959,Mazda,B
15959,Volvo,A
8297,Audi,A
15959,Toyota,B
15959,Audi,A
8297,Volkswagen,A
1601,Mazda,A
1601,Audi,B
1601,Maserati,A+
1601,Genesis,A+
1601,Hyundai,A
1601,Volkswagen,B
1601,Volvo,A
1601,Toyota,A
1601,Lexus,A
15263,Genesis,B
15263,Volvo,A+
15263,Lexus,A
15263,Hyundai,B
15263,Bentley,A+
15263,Toyota,A
15263,Mazda,A
15263,Audi,A
17059,Lexus,B
17059,Toyota,B
17059,Genesis,A
17059,Mazda,B
16243,Polestar,A
6385,Volkswagen,A
17869,Genesis,B
6385,Maserati,A
6385,Hyundai,A
6385,Genesis,B
6385,Mazda,A
6385,Audi,C
6385,Toyota,A
6385,Volvo,C
17869,Audi,C
6385,Lexus,A
17869,Mazda,B
18408,Hyundai,C
18408,Mazda,B
17441,Mazda,A
10835,Volvo,B
10835,Lexus,A+
10835,Audi,B
13866,Polestar,A
13866,Audi,B
13866,Volkswagen,A
1892,Hyundai,C
1892,Toyota,C
1892,Lexus,C
1892,Mazda,C
1892,Volvo,C
16558,Hyundai,A
9669,Hyundai,A+
9669,Volkswagen,A+
9669,Volvo,A
9669,Toyota,A+
9669,Genesis,A
9669,Mazda,A+
9669,Audi,B
9669,Maserati,A
9669,Lexus,A+
11026,Volvo,B
11026,Toyota,A
11026,Genesis,B
11026,Lexus,A
11026,Audi,B
9903,Volvo,B
9903,Genesis,B
9903,Hyundai,A
9903,Lexus,B
9903,Toyota,B
9903,Mazda,C
9903,Audi,B
299,Hyundai,B
299,Genesis,B
299,Volkswagen,B
299,Toyota,B
299,Volvo,C
299,Lexus,B
299,Mazda,C
299,Maserati,A
15768,Mazda,B
15768,Volvo,C
16268,Maserati,A
617,Volkswagen,A
617,Genesis,A+
617,Lexus,B
617,Maserati,A+
617,Hyundai,A+
617,Mazda,A+
617,Volvo,A
617,Toyota,B
617,Audi,C
12439,Toyota,A+
12439,Genesis,A+
12439,Volvo,A+
12439,Mazda,A+
12439,Audi,B
12439,Volkswagen,A+
12439,Hyundai,A
12439,Lexus,A+
1749,Toyota,A
1749,Audi,C
1749,Volvo,B
1749,Maserati,A
1749,Lexus,A
18740,Volkswagen,B
18418,Toyota,C
3866,Maserati,A
3866,Lexus,C
3866,Toyota,C
3866,Volvo,B
3866,Audi,B
3866,Mazda,B
12348,Volvo,C
12348,Lexus,A
12348,Maserati,A
12348,Genesis,B
12348,Volkswagen,A
12348,Audi,B
12348,Hyundai,A
12348,Toyota,A
12348,Mazda,A
14924,Hyundai,A
14924,Mazda,B
14924,Volvo,C
14924,Volkswagen,C
14409,Lexus,A
14409,Toyota,A
14409,Volvo,A
14409,Audi,A
14409,Volkswagen,B
14409,Hyundai,A
14409,Genesis,A+
14409,Mazda,A
83,Volkswagen,B
83,Volvo,C
83,Mazda,B
83,Lexus,C
83,Toyota,C
83,Hyundai,A
14862,Bentley,A+
3034,Hyundai,A
3034,Audi,B
3034,Volvo,A
3034,Toyota,A
4865,Mazda,A
4865,Genesis,A
4865,Maserati,A
4865,Volvo,C
4865,Bentley,A+
4865,Audi,B
15394,Maserati,A
15394,Audi,B
16169,Mazda,A
16169,Genesis,A
16169,Audi,C
16169,Hyundai,A
16169,Bentley,A
16710,Hyundai,B
17037,Audi,Pending
10770,Volvo,C
10770,Toyota,C
10770,Maserati,A
4056,Mazda,A+
4056,Maserati,A+
4056,Toyota,A
4056,Hyundai,A+
4056,Lexus,A
4056,Genesis,A+
4056,Audi,A
4056,Volkswagen,A
4056,Volvo,A+
12888,Volvo,B
12888,Genesis,B
12888,Hyundai,B
12888,Maserati,A
12888,Toyota,B
12888,Mazda,A
12888,Lexus,B
5325,Toyota,B
5325,Lexus,B
5325,Audi,A
5325,Hyundai,B
5325,Volvo,A
5325,Genesis,B
5325,Mazda,B
7723,Volkswagen,A
7723,Hyundai,B
7723,Genesis,B
7723,Audi,C
7723,Lexus,B
7723,Volvo,C
7723,Toyota,B
7723,Mazda,C
5938,Volvo,A
5938,Audi,A
16492,Volvo,A+
4235,Volkswagen,A
4235,Audi,B
4235,Polestar,A
4235,Volvo,A
4235,Toyota,B
4235,Genesis,A
4235,Lexus,B
4235,Hyundai,A
4235,Mazda,B
735,Audi,B
735,Genesis,A+
735,Hyundai,A
735,Maserati,A+
735,Toyota,A
735,Lexus,A
735,Mazda,A
735,Volvo,A+
735,Volkswagen,A
620,Lexus,B
620,Mazda,B
620,Volvo,C
620,Volkswagen,B
620,Maserati,A
620,Audi,C
620,Hyundai,B
620,Toyota,B
13927,Maserati,A
13927,Mazda,A
13927,Audi,A
13927,Lexus,B
13927,Hyundai,A
13927,Volvo,A
13927,Toyota,B
13927,Genesis,A
16219,Lexus,C
16219,Toyota,C
1129,Maserati,A+
1129,Toyota,B
1129,Volvo,C
1129,Lexus,B
1129,Genesis,A
1129,Audi,C
1129,Hyundai,B
1129,Mazda,B
1129,Volkswagen,B
7276,Maserati,A
7276,Hyundai,A
7276,Toyota,B
7276,Lexus,B
7276,Volkswagen,A
7276,Volvo,A
7276,Mazda,A
7276,Genesis,A
4124,Genesis,B
4124,Volkswagen,B
4124,Volvo,B
17467,Volvo,B
15751,Toyota,A
18503,Hyundai,A
18503,Genesis,A
18503,Mazda,A
16127,Toyota,A
15626,Toyota,C
15626,Mazda,B
15626,Hyundai,B
15626,Genesis,B
15626,Lexus,C
15626,Volvo,B
9579,Lexus,A
9579,Genesis,A+
9579,Hyundai,A
9579,Mazda,B
9579,Volkswagen,A
9579,Audi,C
9579,Toyota,A
9579,Volvo,B
1952,Lexus,B
1952,Volkswagen,A
1952,Volvo,C
1952,Hyundai,A
1952,Audi,C
1952,Maserati,A
1952,Mazda,B
1952,Toyota,B
15758,Toyota,C
15449,Audi,C
15449,Maserati,A+
2699,Audi,C
2699,Genesis,A+
2699,Volkswagen,B
2699,Hyundai,B
2699,Maserati,A+
2699,Volvo,A
2699,Lexus,B
2699,Mazda,A
2699,Toyota,B
12775,Maserati,A+
12775,Volkswagen,A
12775,Volvo,B
12775,Toyota,C
12775,Audi,B
16314,Toyota,A
9624,Volkswagen,A
9624,Maserati,A
9624,Volvo,A
9624,Hyundai,B
8603,Lexus,B
9624,Genesis,A
9624,Toyota,B
9624,Mazda,A
9624,Lexus,B
9624,Audi,A
16211,Hyundai,B
3189,Genesis,B
3189,Toyota,B
3189,Lexus,B
3189,Mazda,C
3189,Volvo,B
3189,Hyundai,B
4283,Volvo,A
4283,Audi,B
4283,Genesis,A
4283,Volkswagen,B
4283,Lexus,C
4283,Hyundai,A
4283,Mazda,B
4283,Toyota,C
4283,Maserati,A
13065,Toyota,B
13065,Volvo,A
13065,Lexus,B
13065,Maserati,A
13065,Audi,B
13065,Volkswagen,B
13065,Hyundai,B
16020,Toyota,A
2440,Genesis,A
2440,Lexus,A
2440,Audi,B
2440,Toyota,A
2440,Volvo,A
2440,Volkswagen,B
2440,Maserati,A+
2440,Mazda,A
2440,Bentley,A
2440,Hyundai,A
18147,Genesis,A
15708,Lexus,A
17803,Toyota,A
17803,Lexus,A
17803,Mazda,A
15494,Hyundai,A
15748,Toyota,B
15748,Hyundai,B
2365,Genesis,A
2365,Bentley,A+
2365,Volkswagen,A
2365,Lexus,A
2365,Toyota,A
2365,Audi,A
2365,Hyundai,A
2365,Volvo,A+
16075,Audi,C
14052,Lexus,B
14052,Maserati,A
14052,Toyota,B
14844,Mazda,B
16562,Hyundai,A
16562,Audi,C
16562,Mazda,B
18600,Genesis,B
1840,Volvo,C
1840,Mazda,A
1840,Maserati,A+
1840,Lexus,C
1840,Hyundai,A+
1840,Toyota,C
1840,Audi,C
1840,Genesis,B
1840,Volkswagen,B
1679,Volvo,B
1679,Toyota,B
1679,Audi,B
1679,Mazda,B
1679,Volkswagen,B
1679,Hyundai,B
1679,Maserati,A
1679,Genesis,B
1679,Lexus,B
16332,Hyundai,A
16332,Volvo,C
16332,Genesis,A+
5108,Hyundai,B
5108,Audi,C
5108,Toyota,B
5108,Genesis,B
5108,Mazda,C
5108,Volkswagen,B
5108,Volvo,B
5108,Lexus,B
15465,Hyundai,A+
16690,Genesis,A
16690,Volvo,C
16690,Polestar,A
16690,Volkswagen,B
16690,Mazda,A
16690,Hyundai,B
15453,Bentley,A+
18628,Genesis,A
15423,Toyota,B
15423,Hyundai,B
15423,Audi,A
15423,Volvo,A
15423,Genesis,B
15423,Mazda,A
15423,Lexus,B
3400,Hyundai,A
3400,Toyota,A
3400,Volvo,A
3400,Genesis,A
3400,Mazda,A
3400,Audi,B
3400,Lexus,A
3400,Volkswagen,B
13985,Volkswagen,B
13985,Mazda,A
13985,Lexus,B
13985,Hyundai,A
13985,Toyota,B
13985,Audi,B
13985,Volvo,B
1372,Maserati,A
1372,Lexus,B
1372,Hyundai,A
1372,Mazda,A
1372,Genesis,A+
1372,Volvo,A
1372,Volkswagen,A
1372,Toyota,B
4932,Mazda,B
4932,Volvo,B
4932,Maserati,A
4932,Volkswagen,B
4932,Toyota,B
4932,Genesis,B
4932,Hyundai,B
1552,Lexus,B
1552,Genesis,B
1552,Hyundai,B
1552,Audi,C
1552,Volvo,B
1552,Toyota,B
16767,Genesis,B
14699,Toyota,B
14699,Audi,A
14699,Lexus,B
8507,Lexus,A
8507,Toyota,A
8507,Volvo,B
8507,Hyundai,A
8507,Genesis,B
8507,Mazda,B
4102,Genesis,B
15487,Bentley,A+
9102,Genesis,A
9102,Volvo,B
9102,Mazda,A
9102,Lexus,B
9102,Hyundai,A
9102,Toyota,B
9102,Maserati,A
9102,Audi,B
9102,Volkswagen,A
14407,Lexus,B
14407,Mazda,A
14407,Toyota,B
15775,Lexus,B
914,Maserati,A
914,Lexus,B
914,Audi,B
914,Hyundai,A
914,Mazda,B
914,Volvo,B
914,Genesis,B
914,Volkswagen,B
914,Toyota,B
237,Mazda,A
237,Maserati,A
237,Audi,C
237,Volvo,A+
237,Hyundai,A
237,Genesis,A
237,Lexus,A
237,Volkswagen,B
237,Toyota,A
16579,Hyundai,A
16579,Lexus,B
16579,Genesis,A
16579,Audi,C
16579,Toyota,B
16579,Mazda,A
438,Hyundai,A
18709,Mazda,B
18709,Genesis,B
18709,Hyundai,B
11634,Hyundai,A
11634,Volvo,B
11634,Mazda,A
11634,Toyota,B
11634,Maserati,A
11634,Genesis,A
14422,Audi,A+
14422,Bentley,A+
14422,Volvo,A
14422,Toyota,A+
14422,Hyundai,A
235,Volkswagen,A
235,Maserati,A+
235,Lexus,A
235,Hyundai,A+
235,Toyota,A
235,Mazda,A+
235,Genesis,A
235,Volvo,A+
235,Audi,A
18765,Lexus,C
18765,Toyota,C
16498,Maserati,A
4084,Hyundai,B
4084,Audi,B
4084,Mazda,B
4084,Volkswagen,B
4084,Lexus,B
4084,Toyota,B
4084,Genesis,B
4084,Volvo,B
16383,Lexus,Pending
18867,Audi,Pending
10761,Volkswagen,B
10761,Mazda,C
10761,Hyundai,B
10761,Maserati,A
10761,Genesis,B
972,Hyundai,A
972,Mazda,B
972,Volvo,B
972,Genesis,B
972,Audi,C
972,Volkswagen,B
972,Lexus,B
972,Maserati,A+
972,Toyota,B
4860,Audi,C
4860,Maserati,A+
4860,Genesis,B
4860,Polestar,A+
4860,Toyota,B
4860,Bentley,A
4860,Lexus,B
4860,Mazda,B
992,Audi,A
992,Toyota,A
992,Volvo,A
992,Volkswagen,A
992,Genesis,A+
992,Maserati,A
992,Mazda,A+
992,Hyundai,A
992,Lexus,A
165,Hyundai,B
1145,Genesis,B
1145,Mazda,B
1145,Volvo,C
1145,Toyota,C
16774,Mazda,A
1145,Lexus,C
1145,Hyundai,A
16215,Hyundai,B
14550,Bentley,A+
14550,Audi,A
14550,Mazda,A
14550,Toyota,B
14550,Volkswagen,A
14550,Lexus,B
14550,Volvo,A
14550,Genesis,A+
14550,Hyundai,A
8681,Audi,C
8681,Lexus,B
8681,Maserati,A+
8681,Hyundai,B
8681,Volkswagen,B
8681,Volvo,A
8681,Toyota,B
16511,Genesis,A
8219,Genesis,A
8219,Mazda,A
8219,Toyota,A
8219,Lexus,A
8219,Audi,C
8219,Hyundai,A
8219,Volkswagen,A
13720,Hyundai,B
13720,Mazda,B
13720,Maserati,A
13720,Audi,C
13720,Volvo,B
13720,Toyota,C
13720,Genesis,B
5410,Volvo,B
5410,Lexus,A
5410,Mazda,A+
5410,Toyota,A
5410,Volkswagen,A
5410,Maserati,A
5410,Hyundai,A
5410,Audi,B
5410,Genesis,A
16424,Mazda,B
16424,Lexus,B
16424,Toyota,B
16424,Audi,B
1402,Volkswagen,A
1402,Lexus,A
1402,Toyota,A
1402,Maserati,A+
1402,Audi,A
1402,Hyundai,A+
1402,Volvo,A
1402,Mazda,A+
1402,Genesis,A
14009,Hyundai,A
14009,Mazda,B
14009,Genesis,B
14009,Lexus,B
14009,Toyota,B
14009,Audi,A
14009,Volvo,B
14898,Maserati,A+
14898,Polestar,A+
2947,Audi,B
2947,Mazda,A
2947,Volvo,A
2947,Genesis,B
2947,Toyota,A
2947,Hyundai,B
2947,Lexus,A
2947,Volkswagen,A
2947,Maserati,A
1126,Mazda,A
1126,Audi,A
1126,Genesis,A+
1126,Volkswagen,A
1126,Maserati,A+
1126,Toyota,A
1126,Lexus,A
1126,Hyundai,A
1126,Volvo,A
14859,Bentley,A+
17314,Genesis,B
10613,Mazda,A
10613,Audi,A
10613,Volvo,A
10613,Maserati,A
10613,Toyota,A
10613,Lexus,A
13042,Volkswagen,A
13042,Hyundai,A
13042,Mazda,A
13042,Genesis,B
13042,Volvo,A
13042,Lexus,B
13042,Audi,A
13042,Toyota,B
4194,Volvo,B
4194,Mazda,C
4194,Genesis,B
4194,Maserati,A
4194,Volkswagen,B
4194,Toyota,B
4194,Lexus,B
4194,Hyundai,B
8306,Volvo,A
8306,Toyota,A
8306,Audi,A
8306,Lexus,A
8306,Genesis,A
8306,Maserati,A
8306,Volkswagen,A
8306,Hyundai,A
8306,Mazda,A
9207,Lexus,B
9207,Genesis,B
9207,Maserati,A
9207,Volkswagen,B
9207,Hyundai,B
9207,Mazda,A
9207,Volvo,B
9207,Toyota,B
5960,Lexus,A
5960,Volvo,A
5960,Mazda,A
5960,Genesis,A
5960,Maserati,A
5960,Volkswagen,A
5960,Toyota,A
5960,Hyundai,A
5960,Audi,C
16873,Volkswagen,B
16873,Lexus,B
16873,Audi,C
16873,Mazda,B
16873,Toyota,B
16873,Volvo,B
14822,Mazda,B
14822,Volvo,B
4945,Lexus,C
4945,Volkswagen,C
4945,Mazda,C
4945,Maserati,A
4945,Toyota,C
77,Volkswagen,A
77,Maserati,A
77,Hyundai,A
77,Volvo,B
77,Genesis,A
77,Lexus,C
77,Mazda,A
77,Toyota,C
12321,Hyundai,B
12321,Mazda,Pending
12321,Volvo,B
12321,Lexus,Pending
12321,Genesis,B
12321,Toyota,Pending
12321,Volkswagen,B
2774,Volkswagen,B
2774,Hyundai,A
2774,Mazda,A
2774,Volvo,B
2774,Toyota,C
2774,Maserati,A
2774,Lexus,C
2774,Audi,B
2774,Genesis,A
2360,Lexus,B
2360,Volkswagen,A
2360,Toyota,B
2360,Maserati,A
2360,Volvo,B
2360,Hyundai,A
2360,Mazda,B
2360,Genesis,A
5308,Hyundai,A+
5308,Genesis,A
5308,Toyota,A
5308,Mazda,A
5308,Audi,A
5308,Volkswagen,A
5308,Maserati,A
5308,Volvo,A
5308,Lexus,A
15742,Mazda,B
15742,Genesis,B
15742,Hyundai,B
15742,Toyota,A
15742,Volvo,C
15742,Volkswagen,B
15742,Lexus,A
5785,Genesis,B
5785,Volkswagen,B
5785,Volvo,C
5785,Mazda,B
5785,Audi,C
5785,Toyota,B
5785,Maserati,A
5785,Lexus,B
5785,Hyundai,B
5047,Mazda,B
5047,Volvo,B
5047,Maserati,A
5047,Genesis,B
5047,Hyundai,B
5047,Volkswagen,B
5047,Audi,C
5047,Lexus,C
5047,Toyota,C
2600,Genesis,B
2600,Hyundai,B
2600,Maserati,A
2600,Volvo,B
2600,Lexus,B
2600,Audi,C
2600,Volkswagen,A
2600,Toyota,B
2600,Mazda,A
1320,Volkswagen,B
1320,Maserati,A
1320,Lexus,B
1320,Mazda,B
1320,Genesis,B
1320,Hyundai,B
1320,Audi,C
1320,Toyota,B
2478,Toyota,A
2478,Lexus,A
2478,Audi,B
2478,Polestar,A
2478,Mazda,A+
2478,Maserati,A+
2478,Volkswagen,A+
14682,Lexus,B
14682,Audi,B
14682,Mazda,A
14682,Volkswagen,B
14682,Volvo,A
14682,Genesis,B
14682,Toyota,B
14682,Hyundai,A
9393,Toyota,A
9393,Audi,C
9393,Volkswagen,B
9393,Lexus,A
9393,Hyundai,A
9393,Genesis,A
9393,Maserati,A
9393,Mazda,A
9393,Volvo,B
15514,Lexus,B
15514,Toyota,B
15514,Genesis,B
15514,Audi,C
15514,Volvo,C
15514,Volkswagen,B
15514,Hyundai,B
15514,Mazda,B
3289,Hyundai,A+
3289,Toyota,A
3289,Genesis,A+
3289,Lexus,A
3289,Volvo,A
3289,Mazda,A+
3289,Audi,A
3289,Maserati,A
3289,Volkswagen,A
7153,Volkswagen,A
7153,Genesis,A+
7153,Toyota,A
7153,Maserati,A+
7153,Lexus,A
7153,Mazda,B
7153,Volvo,A
7153,Hyundai,B
7153,Audi,A
2235,Audi,A
2235,Volkswagen,A
2235,Maserati,A+
2235,Genesis,A
2235,Mazda,B
2235,Toyota,A+
2235,Hyundai,A
2235,Lexus,A+
2235,Volvo,A
12419,Audi,A
12419,Toyota,A+
12419,Maserati,A
12419,Lexus,A+
12419,Volkswagen,A
12419,Hyundai,A+
12419,Genesis,A+
12419,Volvo,A
12419,Mazda,A+
4028,Audi,C
4028,Mazda,B
4028,Volvo,C
4028,Hyundai,B
4028,Toyota,C
4028,Volkswagen,B
4028,Lexus,C
4028,Genesis,B
4028,Maserati,A
2058,Volkswagen,B
2058,Lexus,A
2058,Mazda,A
2058,Audi,C
2058,Volvo,A
2058,Hyundai,B
2058,Maserati,A
2058,Genesis,B
2058,Toyota,A
8956,Hyundai,B
8956,Toyota,A+
8956,Mazda,A
8956,Lexus,A+
8956,Audi,A
8956,Genesis,A
8956,Volkswagen,A
8956,Maserati,A
8956,Volvo,A
841,Volkswagen,A
841,Mazda,A+
841,Maserati,A
841,Hyundai,A+
841,Genesis,A+
841,Toyota,B
841,Volvo,A
841,Lexus,B
8323,Mazda,C
8323,Toyota,C
8323,Lexus,C
6096,Audi,B
6096,Mazda,A
6096,Toyota,A+
6096,Maserati,A
6096,Lexus,A+
6096,Volkswagen,A
6096,Genesis,A+
6096,Hyundai,A+
6096,Volvo,A
1169,Mazda,A
1169,Hyundai,B
1169,Genesis,B
1169,Volkswagen,B
1169,Toyota,B
1169,Volvo,A
1169,Lexus,B
1169,Maserati,A
1403,Genesis,B
1403,Volkswagen,B
1403,Toyota,B
1403,Lexus,B
1403,Maserati,A
1403,Hyundai,B
1403,Mazda,A
1403,Volvo,B
16350,Audi,C
16350,Hyundai,B
16350,Lexus,B
16350,Toyota,B
16350,Mazda,C
16350,Genesis,B
4438,Volkswagen,A
4438,Genesis,A
4438,Toyota,B
4438,Volvo,A+
4438,Hyundai,A
4438,Lexus,B
4438,Maserati,A+
4438,Mazda,A
12845,Toyota,A
12845,Lexus,A
12845,Audi,C
12845,Volvo,A
16361,Hyundai,B
14565,Hyundai,A+
14565,Audi,A
14565,Mazda,A+
14565,Volvo,A
14565,Genesis,A+
14565,Lexus,A
14565,Toyota,A
6624,Volkswagen,B
6624,Toyota,B
6624,Lexus,B
6624,Hyundai,B
6624,Volvo,C
6624,Maserati,A+
6624,Audi,C
16069,Hyundai,Pending
3362,Volvo,B
3362,Lexus,C
3362,Audi,B
3362,Volkswagen,A
3362,Genesis,B
3362,Mazda,B
3362,Hyundai,B
3362,Toyota,C
15380,Mazda,B
15380,Genesis,A
15380,Lexus,B
15380,Volvo,B
15380,Toyota,B
15380,Audi,B
15380,Hyundai,B
15380,Volkswagen,B
149,Toyota,B
149,Volvo,B
149,Mazda,B
149,Genesis,B
149,Volkswagen,A
149,Audi,C
149,Hyundai,B
149,Lexus,B
17825,Hyundai,B
17825,Lexus,B
17825,Toyota,B
18359,Audi,C
9702,Toyota,B
9702,Lexus,B
9702,Volkswagen,Pending
9702,Mazda,B
9702,Volvo,B
9702,Hyundai,B
9702,Genesis,B
9737,Toyota,A
9737,Lexus,A
9737,Volvo,B
9737,Audi,C
11263,Toyota,C
4304,Hyundai,A
4304,Lexus,B
4304,Volkswagen,C
4304,Volvo,A+
4304,Mazda,C
4304,Genesis,A+
4304,Audi,C
4304,Toyota,B
4304,Maserati,A
1370,Audi,A
1370,Toyota,B
1370,Genesis,A
1370,Lexus,B
1370,Hyundai,A
1370,Mazda,B
1370,Volvo,A
7481,Toyota,B
7481,Lexus,B
7481,Genesis,B
7481,Volvo,C
7481,Hyundai,B
7481,Volkswagen,B
7481,Mazda,C
3835,Volvo,C
3835,Mazda,A
3835,Volkswagen,A
3835,Genesis,A
3835,Hyundai,A
3835,Lexus,B
3835,Toyota,B
7283,Lexus,A
7283,Mazda,A
7283,Genesis,A
7283,Volvo,A
7283,Hyundai,A
7283,Audi,A
7283,Maserati,A+
7283,Volkswagen,A
7283,Toyota,A
14281,Genesis,B
14281,Lamborghini,A+
14281,Mazda,B
14281,Audi,C
14281,Volvo,B
14281,Maserati,A
14281,Hyundai,B
14281,Toyota,B
14281,Volkswagen,B
14281,Lexus,B
2620,Lexus,B
2620,Volvo,B
2620,Toyota,B
2620,Hyundai,A+
2620,Genesis,B
2620,Audi,B
2620,Volkswagen,B
2620,Mazda,A
2637,Maserati,A
2637,Volkswagen,B
2637,Mazda,A
2637,Hyundai,A
2637,Volvo,B
2637,Genesis,B
18721,Genesis,B
2689,Audi,C
2689,Genesis,B
2689,Lexus,C
2689,Mazda,B
2689,Toyota,C
2689,Volkswagen,B
2689,Hyundai,B
15280,Audi,Pending
15280,Hyundai,A
15280,Volvo,C
15280,Mazda,A
15280,Volkswagen,B
15280,Toyota,A
15280,Genesis,B
15280,Lexus,A
17827,Lexus,C
17827,Hyundai,A
17827,Toyota,C
18067,Hyundai,B
12001,Toyota,A
12001,Audi,B
12001,Volvo,A
12001,Hyundai,A
12001,Genesis,A+
12001,Volkswagen,A
12001,Maserati,A+
12001,Lexus,A
7320,Genesis,B
7320,Volkswagen,C
7320,Lexus,B
7320,Mazda,C
7320,Toyota,B
7320,Hyundai,B
7320,Maserati,A
7320,Volvo,B
421,Lexus,A
421,Toyota,A
421,Volvo,A+
421,Mazda,A
421,Maserati,A+
421,Genesis,A+
421,Volkswagen,A
421,Audi,B
421,Hyundai,A+
9004,Audi,B
9004,Volkswagen,B
9004,Mazda,C
9004,Lexus,B
9004,Toyota,B
9004,Volvo,B
9004,Maserati,A
9004,Hyundai,B
9004,Genesis,B
2557,Mazda,B
2557,Audi,C
2557,Maserati,A
2557,Lexus,B
2557,Volvo,B
2557,Hyundai,A
2557,Toyota,B
2557,Genesis,B
1481,Hyundai,A
1481,Lexus,B
1481,Audi,C
1481,Volvo,B
1481,Volkswagen,B
1481,Mazda,A
1481,Genesis,A
1481,Toyota,B
18436,Genesis,B
18083,Genesis,B
16566,Mazda,C
16566,Audi,C
2627,Bentley,A+
2627,Toyota,B
2627,Lexus,B
2627,Volvo,C
2627,Mazda,B
2627,Audi,B
2627,Genesis,B
2627,Polestar,B
2627,Hyundai,B
8821,Toyota,A
8821,Volvo,A
8821,Audi,B
8821,Genesis,A+
8821,Mazda,A
8821,Volkswagen,B
8821,Hyundai,A
8821,Lexus,A
2129,Lexus,A
2129,Audi,B
2129,Mazda,A
2129,Volkswagen,B
2129,Hyundai,A
2129,Maserati,A
2129,Volvo,B
2129,Toyota,A
2129,Genesis,B
18448,Volkswagen,B
5000,Genesis,A
5000,Mazda,B
5000,Audi,A
5000,Toyota,A
5000,Polestar,B
5000,Lexus,A
5000,Volkswagen,B
5000,Maserati,A
5000,Volvo,A
5000,Hyundai,B
16434,Audi,Pending
17684,Genesis,B
4450,Volkswagen,A
4450,Toyota,A
4450,Volvo,A
4450,Maserati,A+
4450,Lexus,A
4450,Audi,A
4450,Mazda,A
4450,Hyundai,A
4450,Genesis,A
2159,Genesis,B
2159,Mazda,B
2159,Hyundai,B
2159,Maserati,A
2159,Toyota,B
2159,Audi,C
2159,Lexus,B
2159,Volvo,B
2159,Volkswagen,B
17927,Hyundai,B
17927,Genesis,B
17927,Volkswagen,A
17927,Toyota,B
17927,Lexus,B
15105,Audi,A
15105,Volkswagen,B
15105,Toyota,A
15105,Lexus,A
15105,Hyundai,B
3036,Mazda,A+
15105,Volvo,A
16374,Lexus,A
16374,Toyota,A
16374,Hyundai,Pending
86,Mazda,B
86,Genesis,B
86,Maserati,A
86,Hyundai,B
86,Volvo,B
86,Toyota,B
86,Lexus,B
16811,Toyota,C
16811,Lexus,C
16811,Mazda,Pending
16811,Genesis,A
16811,Hyundai,Pending
961,Toyota,B
961,Maserati,A
961,Lexus,B
961,Volvo,C
961,Volkswagen,B
961,Hyundai,B
961,Mazda,C
961,Genesis,B
7329,Audi,A
7329,Maserati,A+
7329,Hyundai,A
7329,Lexus,A
7329,Toyota,A
7329,Polestar,Pending
7329,Volkswagen,A
7329,Genesis,A
7329,Volvo,A
7329,Mazda,A
5836,Volkswagen,A
5836,Maserati,A
5836,Mazda,A
5836,Toyota,B
5836,Volvo,B
5836,Genesis,B
5836,Lexus,B
5836,Hyundai,B
5836,Audi,A
9378,Toyota,C
9378,Hyundai,A
9378,Lexus,C
9378,Audi,C
9378,Volvo,B
9378,Volkswagen,C
9378,Genesis,B
9378,Mazda,C
1408,Genesis,A+
1408,Toyota,C
1408,Hyundai,A+
1408,Maserati,A+
1408,Volvo,B
1408,Lexus,C
1408,Volkswagen,A
1408,Audi,B
1408,Polestar,Pending
1408,Mazda,A+
17859,Audi,C
17859,Hyundai,A
17859,Genesis,B
5198,Maserati,A
5198,Genesis,A+
5198,Volkswagen,A
5198,Hyundai,A+
5198,Audi,C
5198,Toyota,A+
5198,Lexus,A+
5198,Volvo,A
5198,Mazda,A+
8388,Toyota,B
8388,Audi,C
8388,Hyundai,A+
8388,Volvo,B
8388,Lexus,B
8388,Genesis,A
3329,Hyundai,A
3329,Volvo,A
3329,Audi,C
3329,Genesis,A+
3329,Lexus,A
3329,Toyota,A+
3329,Volkswagen,Pending
3329,Mazda,A
16673,Lexus,A
16673,Toyota,A
4956,Volvo,A
4956,Hyundai,A+
4956,Maserati,A
4956,Toyota,A+
4956,Audi,A
4956,Lexus,A+
4956,Volkswagen,A
4956,Genesis,B
4956,Mazda,A+
17840,Volvo,B
17840,Audi,C
17840,Toyota,C
17840,Hyundai,Pending
17840,Lexus,C
17840,Genesis,B
17840,Mazda,Pending
674,Toyota,B
674,Hyundai,B
674,Lexus,B
674,Maserati,A
674,Audi,C
674,Genesis,B
674,Mazda,B
4552,Mazda,Pending
4552,Genesis,B
4552,Lexus,Pending
4552,Hyundai,B
4552,Toyota,Pending
17410,Hyundai,B
15646,Audi,B
15646,Mazda,A
15646,Volvo,B
15646,Hyundai,A
15646,Genesis,B
15646,Lexus,A
15646,Volkswagen,B
15646,Toyota,A
11736,Mazda,A
11736,Toyota,A
11736,Volvo,A
11736,Lexus,A
11736,Audi,B
11736,Maserati,A
11736,Volkswagen,B
739,Volkswagen,B
739,Toyota,C
739,Genesis,B
739,Hyundai,B
739,Maserati,A
739,Mazda,A
739,Volvo,B
739,Lexus,C
14601,Mazda,B
14601,Genesis,B
14601,Hyundai,B
14601,Toyota,B
14601,Lexus,B
5980,Hyundai,B
5980,Volkswagen,B
5980,Genesis,B
5980,Audi,B
5980,Mazda,B
5980,Maserati,A
5980,Volvo,C
5980,Lexus,B
5980,Toyota,B
16533,Toyota,C
16533,Hyundai,B
16533,Lexus,C
16533,Mazda,B
7285,Hyundai,B
7285,Maserati,A
7285,Toyota,B
7285,Volkswagen,A+
7285,Lexus,B
7285,Mazda,B
5419,Maserati,B
5419,Mazda,B
5419,Lexus,C
5419,Volvo,B
5419,Hyundai,B
5419,Toyota,C
5419,Volkswagen,B
5419,Genesis,B
9245,Volkswagen,B
9245,Audi,C
9245,Maserati,A
9245,Genesis,B
9245,Lexus,C
9245,Hyundai,B
9245,Toyota,C
9245,Mazda,B
16722,Mazda,B
16722,Lexus,B
16722,Toyota,B
16722,Volvo,B
16722,Hyundai,B
16722,Genesis,B
2290,Audi,B
2290,Volkswagen,A
2290,Lexus,A
2290,Hyundai,A
2290,Toyota,A
2290,Volvo,A
2290,Mazda,A
2290,Genesis,A
2290,Maserati,A
17980,Volvo,B
17980,Genesis,B
17980,Hyundai,B
17980,Lexus,B
17980,Toyota,B
9937,Maserati,A
9937,Mazda,B
9937,Volvo,B
9937,Toyota,B
9937,Genesis,B
9937,Lexus,B
9937,Hyundai,B
5042,Lexus,B
5042,Audi,C
5042,Genesis,B
5042,Hyundai,B
5042,Volvo,B
5042,Mazda,Pending
5042,Toyota,B
3027,Genesis,B
3027,Mazda,A
3027,Toyota,B
3027,Maserati,A
3027,Lexus,B
3027,Audi,A
3027,Volkswagen,A
3027,Hyundai,A
3027,Volvo,B
770,Lexus,A
770,Mazda,A+
770,Bentley,A+
770,Maserati,A
770,Genesis,A+
770,Volkswagen,A
770,Hyundai,A+
770,Volvo,B
770,Toyota,A
770,Audi,B
16723,Lexus,B
16723,Toyota,B
16723,Volvo,B
16723,Hyundai,B
16723,Genesis,B
16723,Volkswagen,Pending
16723,Mazda,B
8450,Genesis,B
8450,Mazda,B
8450,Toyota,C
8450,Hyundai,A
16951,Audi,C
16951,Mazda,B
15674,Bentley,A+
16663,Genesis,A
7159,Toyota,B
7159,Lexus,B
7159,Audi,B
7159,Polestar,Pending
7159,Volvo,B
7159,Bentley,Pending
1280,Toyota,C
1280,Volkswagen,B
1280,Maserati,A
1280,Hyundai,B
1280,Lexus,C
1280,Genesis,B
1280,Mazda,B
10798,Mazda,A
10798,Genesis,A+
10798,Audi,C
10798,Lexus,A
10798,Maserati,A+
10798,Volvo,A
10798,Volkswagen,A
10798,Hyundai,A
10798,Toyota,A
1623,Maserati,A
1623,Toyota,C
1623,Volkswagen,A
1623,Lexus,C
1623,Hyundai,A
1623,Genesis,A
1623,Audi,C
1623,Mazda,A
1623,Volvo,C
3929,Volkswagen,A
3929,Mazda,A
3929,Volvo,A
3929,Lexus,A
3929,Polestar,A
3929,Toyota,A
3929,Genesis,A
3929,Audi,C
3929,Hyundai,A
105,Hyundai,A+
105,Volvo,B
105,Maserati,A
105,Mazda,A+
105,Genesis,B
105,Lexus,C
105,Toyota,C
5943,Mazda,A
5943,Volvo,A+
5943,Maserati,A
5943,Hyundai,A+
5943,Volkswagen,A
5943,Toyota,A
5943,Polestar,A
5943,Lexus,A
5943,Audi,B
5943,Genesis,A
2014,Toyota,C
2014,Audi,B
2014,Mazda,B
2014,Lexus,C
2014,Maserati,A
1310,Lexus,C
1310,Maserati,A
1310,Genesis,B
1310,Toyota,C
1310,Hyundai,B
1310,Mazda,B
8584,Hyundai,A
8584,Maserati,A+
8584,Audi,B
8584,Toyota,A
8584,Lexus,A
8584,Volkswagen,A
8584,Volvo,A+
8584,Mazda,A
8584,Genesis,A+
553,Mazda,B
553,Volkswagen,B
553,Lexus,B
553,Maserati,A
553,Toyota,B
553,Genesis,B
553,Hyundai,B
553,Volvo,B
2681,Hyundai,C
2681,Mazda,C
2681,Lexus,C
2681,Genesis,B
2681,Toyota,C
2681,Volvo,C
18430,Hyundai,A
18430,Volvo,C
15920,Toyota,Pending
15920,Volkswagen,Pending
15920,Lexus,Pending
15920,Hyundai,Pending
15920,Audi,C
15920,Volvo,C
8603,Toyota,B
8603,Maserati,A
8603,Audi,B
8603,Hyundai,B
8603,Mazda,B
8603,Genesis,B
15353,Genesis,A
15353,Volkswagen,A
15353,Volvo,A
15353,Hyundai,A
15353,Polestar,Pending
1469,Mazda,B
1469,Genesis,B
1469,Volvo,B
1469,Audi,C
1469,Hyundai,B
1469,Volkswagen,B
1469,Lexus,C
1469,Toyota,C
1469,Maserati,A
15577,Audi,A+
15577,Lexus,A
15577,Genesis,B
15577,Toyota,A
15577,Hyundai,Pending
15577,Volkswagen,A
8567,Hyundai,B
8567,Genesis,B
8567,Mazda,B
8567,Maserati,A
8567,Toyota,B
8567,Lexus,B
887,Volkswagen,B
887,Toyota,B
887,Lexus,B
887,Maserati,A
887,Genesis,B
887,Hyundai,B
887,Volvo,B
887,Mazda,B
2131,Mazda,B
2131,Volvo,B
2131,Maserati,A
2131,Volkswagen,B
2131,Toyota,C
2131,Hyundai,B
2131,Lexus,C
2131,Genesis,B
1076,Mazda,B
1076,Hyundai,B
1076,Genesis,B
1076,Lexus,C
1076,Volkswagen,B
1076,Toyota,C
1134,Volvo,C
1134,Maserati,A
1134,Genesis,B
1134,Hyundai,B
1134,Lexus,B
1134,Toyota,B
1134,Mazda,B
15373,Toyota,B
15373,Mazda,B
15373,Lexus,B
15373,Maserati,A
15373,Hyundai,B
15373,Volvo,B
15373,Volkswagen,B
15373,Genesis,B
7144,Volvo,B
7144,Toyota,B
7144,Genesis,B
7144,Lexus,C
7144,Mazda,B
7144,Maserati,A
7144,Hyundai,B
18286,Mazda,B
18286,Genesis,B
18286,Hyundai,B
18286,Audi,B
18286,Toyota,B
18286,Volvo,B
18286,Lexus,B
13948,Lexus,B
13948,Toyota,B
397,Volvo,C
397,Lexus,C
397,Genesis,B
397,Toyota,C
397,Hyundai,B
397,Mazda,C
17518,Audi,C
17518,Lexus,A
17518,Volvo,C
17518,Hyundai,A
17518,Volkswagen,A
17518,Genesis,A
17518,Toyota,A
17518,Mazda,A
13959,Lexus,C
13959,Genesis,B
13959,Toyota,C
13959,Hyundai,B
13959,Volkswagen,B
13959,Mazda,B
13959,Volvo,B
704,Mazda,B
704,Volvo,B
704,Maserati,A
704,Audi,B
704,Toyota,B
704,Volkswagen,B
704,Lexus,B
704,Genesis,B
704,Hyundai,B
8661,Mazda,B
8661,Maserati,A
8661,Lexus,B
8661,Toyota,B
8661,Hyundai,B
8661,Genesis,B
3766,Toyota,A
3766,Volvo,A
3766,Mazda,A
3766,Audi,A
3766,Genesis,B
3766,Maserati,A
3766,Volkswagen,B
3766,Hyundai,A
3766,Lexus,A
2908,Volkswagen,B
2908,Genesis,B
2908,Maserati,A
2908,Volvo,B
2908,Lexus,A
2908,Audi,B
2908,Toyota,A
2908,Mazda,B
2908,Hyundai,B
6668,Maserati,A
6668,Volvo,B
6668,Toyota,A
6668,Volkswagen,B
6668,Lexus,A
6668,Genesis,B
6668,Audi,C
6668,Hyundai,B
6668,Mazda,B
9940,Hyundai,A
9940,Genesis,A
9940,Volvo,B
9940,Mazda,A
9940,Toyota,A
9940,Lexus,A
9940,Audi,A
17972,Mazda,A
17972,Hyundai,B
17972,Volkswagen,A
17972,Audi,C
17972,Lexus,A
17972,Toyota,A
2609,Lexus,A
2609,Toyota,A
2609,Volvo,A
2609,Hyundai,A+
2609,Audi,A
2609,Genesis,A+
2609,Volkswagen,A
2609,Mazda,A+
3036,Toyota,A
2609,Maserati,A
18385,Volkswagen,B
18385,Hyundai,B
18385,Genesis,B
18385,Mazda,B
18385,Lexus,B
18385,Volvo,B
18385,Toyota,B
15699,Hyundai,A
15699,Audi,A
15699,Volkswagen,A
15699,Toyota,A
15699,Mazda,A
15699,Lexus,A
15699,Volvo,A+
15699,Genesis,A
563,Lexus,A
563,Genesis,A
563,Mazda,A
563,Hyundai,A
563,Maserati,A
563,Audi,B
563,Toyota,A
563,Volvo,C
563,Volkswagen,A
569,Volkswagen,B
569,Lexus,A
569,Volvo,C
569,Toyota,A
569,Genesis,B
569,Mazda,A
569,Hyundai,B
569,Audi,B
569,Maserati,A
2597,Genesis,B
2597,Volvo,B
2597,Toyota,B
2597,Maserati,A
2597,Mazda,B
2597,Lexus,B
2597,Hyundai,B
1858,Volvo,A
1858,Genesis,A
1858,Maserati,A+
1858,Audi,A
1858,Hyundai,A+
1858,Volkswagen,A
1858,Mazda,A+
1858,Lexus,A
1858,Toyota,A
5150,Volkswagen,B
5150,Mazda,A
5150,Lexus,A
5150,Maserati,A
5150,Genesis,A
5150,Volvo,A
5150,Audi,B
5150,Hyundai,A
5150,Toyota,A
2223,Volvo,B
2223,Lexus,C
2223,Genesis,B
2223,Toyota,C
2223,Hyundai,B
2223,Audi,C
2223,Mazda,B
2223,Maserati,A
2223,Volkswagen,A
7778,Volkswagen,B
7778,Genesis,B
7778,Hyundai,B
7778,Maserati,A
7778,Volvo,B
7778,Lexus,A
7778,Mazda,B
7778,Audi,B
7778,Toyota,A
1247,Audi,A
1247,Mazda,A
1247,Volkswagen,A
1247,Maserati,A
1247,Genesis,A+
1247,Hyundai,A
1247,Lexus,A
1247,Volvo,A
1247,Toyota,A
3036,Audi,A
3036,Genesis,A+
3036,Volkswagen,A
3036,Hyundai,A+
3036,Lexus,A
3036,Volvo,A
3036,Maserati,A+
15268,Volvo,B
15268,Toyota,B
15268,Lexus,B
15268,Volkswagen,B
15268,Bentley,B
15268,Audi,A
14096,Hyundai,C
14096,Audi,B
14096,Toyota,C
14096,Mazda,A
14096,Lexus,C
17658,Lexus,A
17658,Volvo,A
17658,Hyundai,A
17658,Volkswagen,A
17658,Toyota,A
17658,Genesis,B
17658,Polestar,A
17658,Audi,A
17658,Mazda,A
200,Genesis,A+
200,Volkswagen,A
200,Hyundai,B
200,Maserati,A
200,Audi,C
200,Volvo,A
200,Mazda,B
200,Toyota,A
200,Lexus,A
200,Bentley,B
6981,Volkswagen,A
6981,Volvo,A
6981,Toyota,A
6981,Hyundai,B
6981,Lexus,A
6981,Audi,A
6981,Genesis,A+
6981,Maserati,A
6981,Mazda,A+
1026,Genesis,B
1026,Maserati,A
1026,Volkswagen,B
1026,Hyundai,A
1026,Toyota,B
1026,Lexus,B
1026,Mazda,A
1026,Volvo,B
8181,Audi,C
8181,Mazda,B
8181,Hyundai,B
8181,Volvo,B
8181,Volkswagen,B
8181,Genesis,B
8181,Lexus,B
8181,Toyota,B
659,Toyota,A
659,Lexus,A
659,Maserati,A+
659,Audi,B
659,Mazda,A
659,Genesis,A+
659,Volvo,A
659,Hyundai,A+
659,Volkswagen,A
6837,Genesis,B
6837,Maserati,A
6837,Hyundai,B
6837,Mazda,B
6837,Lexus,B
6837,Volvo,C
6837,Toyota,B
6254,Audi,C
6254,Maserati,A
6254,Hyundai,B
6254,Volvo,C
6254,Mazda,B
6254,Lexus,B
6254,Toyota,B
6254,Genesis,B
8747,Toyota,A
8747,Genesis,A
8747,Polestar,A
8747,Mazda,A
8747,Lexus,A
8747,Volvo,A
8747,Hyundai,A
8747,Audi,C
8747,Volkswagen,A
8873,Toyota,C
8873,Mazda,B
8873,Lexus,C
8873,Maserati,Pending
8873,Audi,C
8873,Bentley,B
8873,Hyundai,B
8873,Volvo,C
9252,Hyundai,A
9252,Genesis,A
9252,Volkswagen,A
9252,Mazda,A
9252,Volvo,A
9252,Maserati,A+
9252,Lexus,A
9252,Audi,A
9252,Toyota,A
4904,Toyota,B
4904,Genesis,B
4904,Volvo,B
4904,Maserati,A
4904,Hyundai,B
4904,Audi,B
4904,Mazda,C
4904,Volkswagen,B
4904,Lexus,B
276,Volvo,C
276,Hyundai,C
276,Volkswagen,C
276,Lexus,C
276,Toyota,C
276,Mazda,C
13126,Volvo,C
13126,Genesis,B
13126,Lexus,B
13126,Volkswagen,B
13126,Toyota,B
13126,Mazda,B
13126,Maserati,B
13126,Audi,C
13126,Hyundai,B
8198,Maserati,A
8198,Genesis,B
8198,Lexus,A
8198,Volkswagen,B
8198,Mazda,A+
8198,Toyota,A
8198,Hyundai,A+
8198,Audi,B
8198,Volvo,B
10073,Volkswagen,A
10073,Toyota,A
10073,Mazda,A
10073,Lexus,A
10073,Audi,A
10073,Genesis,A
10073,Hyundai,B
10073,Volvo,C
10073,Maserati,A
9538,Audi,C
9538,Mazda,C
9538,Toyota,B
9538,Lexus,B
9538,Volvo,C
16795,Toyota,C
14016,Mazda,C
14016,Volvo,C
14016,Lexus,C
14016,Hyundai,A
14016,Genesis,B
14016,Toyota,C
16555,Lexus,B
16555,Toyota,B
16555,Audi,Pending
16555,Volvo,B
16555,Mazda,B
16555,Polestar,B
16555,Hyundai,B
16555,Volkswagen,B
17559,Mazda,Pending
17559,Audi,C
12188,Genesis,B
12188,Mazda,B
12188,Hyundai,B
12188,Maserati,A
12188,Volkswagen,B
12188,Audi,C
12188,Lexus,B
12188,Volvo,B
12188,Toyota,B
2019,Mazda,B
2019,Lexus,C
2019,Toyota,C
2019,Volvo,B
2019,Hyundai,B
2019,Volkswagen,A
2019,Genesis,B
2019,Audi,C
2076,Lexus,C
2076,Hyundai,C
2076,Mazda,C
2076,Volkswagen,C
2076,Toyota,C
2076,Volvo,C
2255,Volvo,C
2255,Toyota,B
2255,Volkswagen,A
2255,Audi,C
2255,Lexus,B
2255,Maserati,A
2255,Mazda,B
2255,Genesis,B
2255,Hyundai,B
2020,Mazda,A+
2020,Audi,A
2020,Hyundai,A+
2020,Volkswagen,A
2020,Toyota,A
2020,Lexus,A
2020,Polestar,A+
2020,Volvo,A
2020,Maserati,A+
2020,Genesis,A
16510,Toyota,B
16510,Hyundai,C
16510,Lexus,B
16510,Mazda,C
16510,Volvo,C
13416,Lexus,C
13416,Genesis,B
13416,Toyota,C
13416,Volvo,B
13416,Mazda,B
13416,Audi,C
13416,Volkswagen,C
13416,Hyundai,A
18846,Genesis,B
5218,Genesis,B
5218,Toyota,B
5218,Mazda,B
5218,Audi,B
5218,Lexus,B
5218,Hyundai,B
5218,Volvo,B
5218,Volkswagen,B
